LEVEL_3_CO,TOTAL,RELATIVE,RICHNESS,RANGE_MEAN,RANGE_MEDIAN,RANGE_AREA,ENDEMISM_T,ENDEMISM_R,BIEN_OCCUR,ENDEMIC_SEQ,GEN_DUP
BOL,6727,0.495178505704821,13585,8.30776591829223,4,6359249.03153478,2604,0.191682002208318,0.704747883695252,0.164362519201229,0.0266999447920501
AGW,3035,0.590007776049767,5144,9.29024105754277,4,5599201.77705676,838,0.162908242612753,0.732115085536547,0.275656324582339,0.0341204558709176
BZL,7332,0.427996030587823,17131,5.36822135310256,2,4302675.81513105,6824,0.39834218667912,0.631370030938066,0.24179366940211,0.0218541131574339
MLY,3857,0.474415744157442,8130,9.09520295202952,4,4007179.55711316,2029,0.249569495694957,0.24169741697417,0.147363233119763,0.028490159901599
SUM,2943,0.439384891012242,6698,9.24843236787101,4,4154424.38594954,1797,0.268289041504927,0.148850403105405,0.0790205898720089,0.0272306098835473
BIS,661,0.475197699496765,1391,12.1250898634076,4,4669611.98457225,233,0.167505391804457,0.451473759884975,0.0600858369098712,0.0332943925233645
SOL,803,0.440241228070175,1824,11.8991228070175,4,4477456.35041118,417,0.228618421052632,0.305921052631579,0.0647482014388489,0.0302734375
BOR,3776,0.348789950120081,10826,5.50997598374284,1,2621248.20124515,5978,0.552189174210235,0.279419915019398,0.17514218802275,0.0186934232403473
MXE,6270,0.586803930744034,10685,10.0926532522227,4,4000464.63197099,2041,0.191015442208704,0.768179691155826,0.335129838314552,0.0343918167992513
MXS,6958,0.528362062419318,13169,9.15088465335257,4,3502740.40425849,2701,0.205102893158175,0.70028096286734,0.253980007404665,0.0288574255828081
CAL,4276,0.76521116678597,5588,11.6071939871152,3,4675202.29441482,1512,0.2705798138869,0.888332140300644,0.578042328042328,0.0472007538475304
CHC,10739,0.585423026602704,18344,7.17340819886611,2,4795060.28930931,6368,0.347143480157,0.614533362407327,0.350502512562814,0.0429517144570432
CHS,6811,0.664812103465105,10245,10.1638848218643,3,6307741.59309712,2456,0.239726695949244,0.563591996095656,0.371335504885993,0.054204032454856
ALA,2496,0.856848609680742,2913,25.8050120151047,19,6443841.00038792,27,0.00926879505664264,0.779265362169585,0.407407407407407,0.0702534972536904
ARK,1810,0.867689357622244,2086,30.3072866730585,25,7726274.69678332,15,0.00719079578139981,0.680728667305848,0.333333333333333,0.0791848933365292
GEO,2480,0.859916782246879,2884,25.4344660194175,19,6283634.02918863,18,0.00624133148404993,0.618585298196949,0.222222222222222,0.0708001040221914
NCA,2386,0.860750360750361,2772,28.4264069264069,22,7240397.00503968,29,0.0104617604617605,0.746392496392496,0.172413793103448,0.0743427579365079
SCA,2182,0.869669190912714,2509,27.3212435233161,21,6767004.40955759,6,0.00239139099242726,0.691510561976883,0.333333333333333,0.0740116829414109
TEN,2073,0.885140905209223,2342,30.7783945345858,26,7720322.23899231,15,0.00640478223740393,0.591801878736123,0.666666666666667,0.0819545260461144
IRQ,2227,0.722582738481506,3082,20.1430889033095,9,10608908.8310707,161,0.0522388059701493,0.225178455548345,0.15527950310559,0.0497140655418559
BZE,5523,0.50912610619469,10848,7.71644542772861,3,6414075.9912924,2882,0.265671091445428,0.740781710914454,0.299791811242193,0.026716474234882
BZC,4775,0.507762654189706,9404,8.6380263717567,5,7560920.80208741,1487,0.158124202467035,0.787218205019141,0.189643577673167,0.0260834817630795
NCS,2748,0.683582089552239,4020,23.2286069651741,12,11291317.6198259,343,0.0853233830845771,0.341044776119403,0.131195335276968,0.0552141635572139
TCS,3552,0.643828167482327,5517,18.7446075765815,6,9252438.36093892,705,0.12778684067428,0.519847743338771,0.156028368794326,0.0477996986586913
VIE,5680,0.537268255769958,10572,10.0403897086644,5,5089551.71284147,2343,0.221623155505108,0.250756715853197,0.134443021766965,0.037945900728339
MYA,5030,0.581234111393575,8654,11.7042985902473,6,6186724.86745898,925,0.106886988675757,0.149064016639704,0.0486486486486487,0.0424162598220476
WHM,3177,0.642207398423287,4947,18.5934910046493,8,10451292.4325328,471,0.0952092177077016,0.499090357792602,0.0530785562632696,0.0501724530018193
NCB,797,0.685296646603611,1163,22.9423903697334,15,9856655.11707653,55,0.0472914875322442,0.00257953568357696,0.0727272727272727,0.0517855223559759
IND,3621,0.496503496503497,7293,12.6901138077609,3,8294659.26969011,2785,0.381873028931852,0.258878376525435,0.220466786355476,0.0335810023310023
PER,7419,0.384842826019297,19278,6.07754953833385,2,4757910.93837535,7015,0.363886295258844,0.651882975412387,0.145687811831789,0.0201901941332088
PAN,4803,0.530366607773852,9056,10.40625,5,4733253.49050133,1471,0.162433745583039,0.676126325088339,0.146159075458872,0.0297946458149293
ARU,232,0.816901408450704,284,37.0598591549296,29,13711489.5423944,3,0.0105633802816901,0.105633802816901,0,0.0738611355633803
VNA,559,0.75235531628533,743,29.3956931359354,23,12490906.9937012,5,0.00672947510094213,0.277254374158816,0,0.0617534488559892
VEN,6181,0.41168242973225,15014,8.40255761289463,4,5870478.79298388,3371,0.22452377780738,0.664912748101772,0.0667457727677247,0.0232652649194086
CLM,8517,0.371305257651059,22938,6.33969831720289,3,4479188.92546604,7149,0.311666230708867,0.63248757520272,0.0995943488599804,0.0194818641555497
CUB,2521,0.45374370050396,5556,11.9591432685385,2,4466567.47349532,2717,0.489020878329734,0.497660187185025,0.189179241810821,0.029392492350612
COS,5236,0.55524920466596,9430,10.8425238600212,6,4659374.04308377,1605,0.170201484623542,0.694485683987275,0.204361370716511,0.0302715734358431
ELS,2251,0.701027717222049,3211,18.5562130177515,12,7059892.67487699,39,0.0121457489878543,0.703207723450638,0.0769230769230769,0.0453567813765182
GUA,4361,0.578075291622481,7544,13.1855779427359,8,4983798.75866251,670,0.0888123011664899,0.647136797454931,0.0701492537313433,0.0333719263653234
HON,3911,0.650857047761691,6009,15.8643701114994,10,6256143.23049592,211,0.0351139956731569,0.63721085039108,0.127962085308057,0.0392978240971876
NIC,3645,0.692439209726444,5264,16.6419072948328,11,6935986.2918826,71,0.0134878419452888,0.740881458966565,0.126760563380282,0.0411937215045593
DOM,1973,0.556401579244219,3546,16.4379582628314,5,6099999.2106176,541,0.152566271855612,0.576706147772138,0.177449168207024,0.0373131697687535
HAI,1735,0.520083932853717,3336,15.8732014388489,4,5797062.71884592,586,0.175659472422062,0.330935251798561,0.0853242320819113,0.0359384367505995
CHH,2249,0.69758064516129,3224,16.2726426799007,8,8088241.08920906,416,0.129032258064516,0.53939205955335,0.310096153846154,0.0560033149813896
LAO,3065,0.651157850010622,4707,12.8910133843212,8,6360317.53471426,295,0.0626726152538772,0.186530698958997,0.172881355932203,0.0469662869131081
THA,5625,0.558146457630482,10078,10.012403254614,5,4934182.31545049,1714,0.170073427267315,0.295991268108752,0.253208868144691,0.0353895862274261
TUR,5596,0.569104037424997,9833,12.1561069866775,3,5844893.31504627,3425,0.348316892098037,0.411776670395607,0.277372262773723,0.0351407568900641
PHI,2900,0.353917500610203,8194,8.65255064681474,1,3923504.72301074,4528,0.552599463021723,0.215279472784965,0.114840989399293,0.0237387875274591
GAL,326,0.682008368200837,478,27.2322175732218,13,11315942.095272,159,0.332635983263598,0.49581589958159,0.415094339622642,0.0512388859832636
NWG,2781,0.230329633924134,12074,5.25310584727514,1,2811401.70188918,8472,0.701673016398874,0.481613384131191,0.0813267233238905,0.0134069074043399
ECU,6532,0.392170989433237,16656,6.38652737752161,2,3990533.86175612,5300,0.318203650336215,0.576188760806916,0.147547169811321,0.0207362399435639
ASS,3509,0.610791993037424,5745,14.1096605744125,8,7270789.77789904,445,0.0774586597040905,0.0734551784160139,0.0764044943820225,0.0463500870322019
BAN,2710,0.681418154387729,3977,18.9273321599195,11,9628899.12773447,38,0.00955494091023384,0.104852904199145,0,0.0522025081719889
EHM,4191,0.609334108752544,6878,12.5881070078511,6,6672009.1503722,601,0.0873800523407967,0.207909275952312,0.0599001663893511,0.0451416654550741
JAW,2549,0.527197518097208,4835,14.0130299896587,7,6404499.36727198,814,0.168355739400207,0.184281282316443,0.0798525798525798,0.0366937047569804
LSI,1609,0.598809080759211,2687,18.4491998511351,10,8524496.95842203,328,0.122069222180871,0.252326014142166,0.0426829268292683,0.0458864439895795
ALG,2672,0.752464094621233,3551,22.4793016051816,14,11473777.807198,196,0.0551957195156294,0.404393128696142,0.214285714285714,0.0559261475640665
TAI,2631,0.727599557522124,3616,16.9529867256637,7,8333789.02428927,805,0.222621681415929,0.688606194690266,0.408695652173913,0.061823752074115
GRC,3675,0.703080160704037,5227,20.6095274536063,11,8618494.99575091,836,0.159938779414578,0.702888846374593,0.295454545454545,0.0521182083413048
EAI,1650,0.791746641074856,2084,25.8066218809981,19,10675685.8555854,64,0.0307101727447217,0.642514395393474,0.15625,0.0614465870921305
IRN,5051,0.628155702027111,8041,12.8804875015545,3,7540718.4801766,2578,0.320606889690337,0.359159308543713,0.377812257564003,0.036148722173859
LBS,2742,0.710915219082188,3857,19.6087632875292,10,9222377.96197563,308,0.0798548094373866,0.587243971998963,0.178571428571429,0.0513656177080633
BZS,4193,0.529352354500694,7921,8.48226234061356,4,5696077.18707739,1313,0.165761898750158,0.650801666456255,0.209444021325209,0.0289193678197197
AGE,3043,0.601145792177005,5062,11.7058474911102,5,7314592.64829316,243,0.0480047412090083,0.776372975108653,0.181069958847737,0.0349093120308179
PAR,2858,0.564153178049743,5066,11.6869324911173,6,7724280.10768654,404,0.079747335175681,0.766285037504935,0.0841584158415842,0.031276216442953
KGZ,2267,0.583526383526384,3885,17.1760617760618,6,10791435.5090656,361,0.0929214929214929,0.0944658944658945,0.157894736842105,0.0423906048906049
AUT,2433,0.658457374830853,3695,25.7810554803789,16,11256123.3802815,228,0.0617050067658999,0.702571041948579,0.0789473684210526,0.0565734945872801
BGM,1372,0.721345951629863,1902,36.2996845425868,31,15386396.9138538,24,0.0126182965299685,0.73186119873817,0.0416666666666667,0.0727605809674027
CZE,2211,0.624223602484472,3542,26.6324110671937,17,11713821.4435234,246,0.0694522868435912,0.511857707509881,0.024390243902439,0.0545044289949181
GER,2277,0.558361942128494,4078,23.6844041196665,13,10162169.8649461,297,0.0728298185384993,0.749877390877881,0.0168350168350168,0.0486873160863168
HUN,1860,0.75487012987013,2464,33.3299512987013,27,14673132.0218263,113,0.0458603896103896,0.405844155844156,0.00884955752212389,0.0697576349431818
NET,1207,0.675811870100784,1786,36.4837625979843,31,15616210.7797928,53,0.0296752519596865,0.696528555431131,0,0.0701287793952968
POL,1901,0.680386542591267,2794,31.1241947029349,23,13911355.9484001,56,0.0200429491768074,0.540801717967072,0.0178571428571429,0.0626901395848246
SWI,2164,0.66605109264389,3249,27.352108341028,18,11828560.8423915,160,0.0492459218220991,0.582948599569098,0.00625,0.0599102608494922
FRA,3731,0.60676532769556,6149,19.8263132216621,10,8520607.01590015,520,0.0845665961945032,0.64660920474874,0.103846153846154,0.0480807346723044
POR,2124,0.817551963048499,2598,27.5230946882217,20,11751852.6605735,115,0.0442648190916089,0.784449576597383,0.339130434782609,0.0680721949576597
SPA,4243,0.649571341090018,6532,17.2258113900796,6,7654575.02229026,1597,0.244488671157379,0.785058175137783,0.273638071383845,0.0470819140385793
BZN,5878,0.458395071356157,12823,7.94275910473368,4,8055967.18751852,1847,0.144038056617016,0.721204086407237,0.141851651326475,0.0238737278717929
ARI,2701,0.771934838525293,3499,17.4901400400114,7,6814131.36419834,156,0.0445841669048299,0.7710774507002,0.301282051282051,0.0530575700200057
MOL,1306,0.496955859969559,2628,14.0589802130898,6,5959628.57696347,564,0.214611872146119,0.0996955859969559,0.0567375886524823,0.035150304414003
PUE,1512,0.74888558692422,2019,24.2823179791976,18,9268299.57002476,219,0.108469539375929,0.596334819217434,0.511415525114155,0.0531706599801882
DEN,1118,0.638492290119931,1751,35.730439748715,29,15670012.5411136,61,0.0348372358652199,0.762421473443746,0,0.0667564962878355
GRB,1394,0.481519861830743,2895,24.0725388601036,11,10364471.2189603,630,0.217616580310881,0.632815198618307,0.0285714285714286,0.046875
IRE,898,0.658357771260997,1364,36.4398826979472,28,15596760.4494795,23,0.0168621700879765,0.508064516129032,0,0.0701864919354839
NOR,1241,0.628672745694022,1974,33.2847011144883,25,16250746.750998,141,0.0714285714285714,0.672239108409321,0.0212765957446809,0.0643403305471125
SWE,1435,0.394555952708276,3637,21.0236458619742,6,10008620.4871185,1238,0.340390431674457,0.562001649711301,0.00323101777059774,0.0391162015397305
ERI,1304,0.715304443225453,1823,26.7580910586945,19,16475246.6483269,21,0.0115194733955019,0.0554031815688426,0,0.0503548409215579
ETH,2935,0.590187009853207,4973,18.1610697767947,10,11497230.0675126,518,0.10416247737784,0.398351095917957,0.196911196911197,0.0354131057711643
SOM,1712,0.551901998710509,3102,15.3127014829142,5,9519909.87461315,684,0.220502901353965,0.299806576402321,0.197368421052632,0.032975197453256
SUD,2581,0.664179104477612,3886,23.905815748842,18,15527888.7111709,67,0.0172413793103448,0.120432321152856,0.0298507462686567,0.0414267563046835
SAU,1534,0.751224289911851,2042,25.2644466209598,16,15401065.3947258,87,0.0426052889324192,0.266895200783546,0.126436781609195,0.0539873592066601
YEM,1373,0.67970297029703,2020,24.7990099009901,14,14781619.3161683,196,0.097029702970297,0.416336633663366,0.224489795918367,0.0472965655940594
ORE,2659,0.837744171392565,3174,18.5680529300567,7,7669702.69162256,108,0.0340264650283554,0.837114051669817,0.37962962962963,0.0601444352551985
GUY,3249,0.548817567567568,5920,12.2881756756757,7,8386595.06413851,393,0.0663851351351351,0.730067567567568,0.127226463104326,0.0325709987331081
NZN,941,0.737460815047022,1276,5.70062695924765,2,2148469.28449843,296,0.231974921630094,0.808777429467085,0.547297297297297,0.0352542123824451
ABT,1462,0.94201030927835,1552,34.6237113402062,23,16285964.2186082,2,0.00128865979381443,0.82409793814433,0,0.0849559036726804
MAN,1213,0.944704049844237,1284,43.6129283489097,36,18781168.2028894,3,0.00233644859813084,0.773364485981308,0,0.10133128894081
SAS,1135,0.939569536423841,1208,41.898178807947,33,18058583.7445861,4,0.0033112582781457,0.64817880794702,0.5,0.0951598716887417
ONT,1877,0.920549288867092,2039,39.4095144678764,33,14371865.4433938,5,0.00245218244237371,0.774399215301618,0,0.0939224190779794
QUE,1626,0.892915980230643,1821,39.5892366831411,34,15848620.1845964,32,0.0175727622185612,0.801757276221856,0.21875,0.0898716364634816
COL,2226,0.831838565022421,2676,23.7742899850523,12,9672233.69379671,101,0.0377428998505232,0.834080717488789,0.455445544554455,0.0642224869207773
WYO,1926,0.871887732005432,2209,26.2444545043006,14,10894591.7277048,37,0.0167496604798551,0.65142598460842,0.378378378378378,0.0715114305115437
ILL,1954,0.892645043398812,2189,36.4202832343536,30,10492659.6152307,6,0.00274097761534947,0.709456372772956,0,0.0886106669712197
IOW,1404,0.929185969556585,1511,41.1389808074123,35,12514206.8223428,2,0.00132362673726009,0.57445400397088,0,0.0959474272005295
KAN,1506,0.89112426035503,1690,33.2502958579882,27,9578733.49485207,2,0.00118343195266272,0.840236686390533,0.5,0.083801775147929
MIN,1646,0.941647597254005,1748,41.6224256292906,35,14103652.6279519,2,0.0011441647597254,0.621281464530893,0.5,0.0946617562929062
MSO,1799,0.880999020568071,2042,33.7668952007835,28,9155127.91715965,16,0.00783545543584721,0.842311459353575,0,0.0846787769343781
NEB,1317,0.928772919605078,1418,38.9724964739069,32,12731049.2013822,2,0.00141043723554302,0.665726375176305,0,0.0946811089562764
OKL,1918,0.869446962828649,2206,28.8155031731641,23,7957533.92960109,7,0.00317316409791478,0.592475067996374,0.142857142857143,0.077576070942883
SDA,1295,0.939086294416244,1379,39.3299492385787,32,14153449.093256,1,0.000725163161711385,0.641769398114576,0,0.094973712835388
WIS,1659,0.929411764705882,1785,40.8582633053221,34,13159462.0889468,2,0.00112044817927171,0.692436974789916,0,0.0964241946778712
MIC,1720,0.92274678111588,1864,40.4517167381974,33,12864128.7968401,12,0.00643776824034335,0.690450643776824,0,0.094575677306867
PEN,1855,0.908423114593536,2042,38.4843290891283,31,10950912.0394172,3,0.00146914789422135,0.574436826640549,0,0.0910259549461312
NEV,2238,0.807650667629015,2771,17.6946950559365,8,7148524.43323349,97,0.0350054132082281,0.697582100324793,0.34020618556701,0.0556460889570552
UTA,2293,0.793425605536332,2890,19.6484429065744,9,8044534.63430104,202,0.0698961937716263,0.747058823529412,0.282178217821782,0.0569988105536332
NWM,2672,0.789131718842292,3386,20.0457767277023,9,7900273.93487005,94,0.0277613703484938,0.763733018310691,0.319148936170213,0.0581830515357354
TEX,3565,0.768981880931838,4636,19.1386971527179,10,6118140.27188093,277,0.0597497842968076,0.727566867989646,0.382671480144404,0.0557323123382226
MXC,4291,0.613175192912261,6998,12.190911689054,6,4536500.41567734,295,0.0421549014004001,0.72649328379537,0.166101694915254,0.0359957755787368
MXG,4634,0.639966855406712,7241,14.1560557933987,8,5351191.61459605,288,0.0397735119458638,0.680568982184781,0.159722222222222,0.0388100314183124
MXN,4362,0.662615828649552,6583,11.4362752544433,5,4465125.66951542,898,0.136411970226341,0.714871639070333,0.393095768374165,0.0399122265684338
SAK,942,0.803754266211604,1172,31.3387372013652,15,17767151.4449915,56,0.0477815699658703,0.363481228668942,0.160714285714286,0.0791648890784983
JAP,3081,0.688799463447351,4473,13.9704896042924,4,7521788.8951822,1553,0.347194276771742,0.59669125866309,0.399871216999356,0.0617786580594679
NEP,3706,0.668229354489722,5546,15.4491525423729,7,8369718.05502885,364,0.0656328885683375,0.433285250631085,0.145604395604396,0.0509207086188244
BRC,2051,0.928474422815754,2209,28.5246717971933,16,13650059.5243775,20,0.00905387052965143,0.83974649162517,0.5,0.0781886600271616
IDA,1986,0.855665661352865,2321,23.4140456699698,11,9760587.95557518,47,0.020249892287807,0.739767341663076,0.382978723404255,0.0670070820766911
MNT,1933,0.901165501165501,2145,27.6540792540793,15,11817040.2026807,17,0.00792540792540793,0.665734265734266,0.411764705882353,0.0757357226107226
WAS,2094,0.883171657528469,2371,24.1649093209616,11,10252989.2378321,69,0.0291016448755799,0.785744411640658,0.391304347826087,0.0694656790383804
AGS,1282,0.635597421913733,2017,7.92216162617749,3,4080020.02386713,251,0.124442240951909,0.754090233019336,0.266932270916335,0.0382800880019831
CLC,1644,0.559945504087193,2936,6.13862397820164,2,2794367.56705041,955,0.325272479564033,0.678474114441417,0.329842931937173,0.0325804666212534
CLN,1045,0.60614849187935,1724,6.80742459396752,2,3365860.76492459,401,0.232598607888631,0.633410672853828,0.483790523690773,0.0330535817865429
MXI,166,0.694560669456067,239,20.8200836820084,4,7967005.52384937,51,0.213389121338912,0.728033472803347,0.313725490196078,0.0453059623430962
KUR,869,0.822916666666667,1056,30.438446969697,14,16830711.9780208,32,0.0303030303030303,0.0767045454545455,0.1875,0.0808549360795455
CHN,3974,0.760283145207576,5227,14.2997895542376,6,9791779.322489,386,0.0738473311651043,0.55022001147886,0.199481865284974,0.0681467620049742
KOR,2409,0.834141274238227,2888,20.3895429362881,9,11785282.1005644,223,0.0772160664819945,0.260387811634349,0.434977578475336,0.0806110413781163
NSW,3560,0.622813156053184,5716,5.96553533939818,3,4316451.68658327,1225,0.214310706787964,0.844296710986704,0.444081632653061,0.0308235654303709
NTA,2053,0.520141879908791,3947,9.11933113757284,3,7268531.49731188,676,0.171269318469724,0.838864960729668,0.25887573964497,0.0271190936154041
QLD,4592,0.586987089351911,7823,6.96037325834079,2,5296243.1703413,2446,0.312667774511057,0.816694362776428,0.450122649223222,0.0296421609357024
SOA,1862,0.596794871794872,3120,6.37339743589744,4,5299757.43486538,442,0.141666666666667,0.842628205128205,0.361990950226244,0.0266801883012821
VIC,1979,0.619405320813772,3195,6.04350547730829,3,4036860.45405321,334,0.104538341158059,0.828169014084507,0.350299401197605,0.0298170970266041
MXT,5058,0.598509052183174,8451,13.06531771388,7,4936774.96629748,555,0.0656727014554491,0.716719914802982,0.209009009009009,0.0346186841793871
CLS,860,0.666150271107668,1291,7.58791634391944,3,3610218.61574748,67,0.0518977536793184,0.516653756777692,0.17910447761194,0.0412652498063517
ASK,1189,0.90763358778626,1310,32.3099236641221,19,18846929.2215573,24,0.0183206106870229,0.831297709923664,0.333333333333333,0.076580391221374
ALU,326,0.908077994428969,359,37.6155988857939,24,21865993.2795543,3,0.00835654596100279,0.554317548746518,0.333333333333333,0.0799529944289694
NWT,929,0.943147208121827,985,38.9979695431472,29,22337704.7646599,3,0.00304568527918782,0.445685279187817,0.666666666666667,0.086302347715736
YUK,983,0.93175355450237,1055,35.9061611374408,25,21028141.3673081,8,0.00758293838862559,0.871090047393365,0.625,0.0801836492890995
PAK,2985,0.676104190260476,4415,20.4799546998868,9,12132103.9685595,243,0.055039637599094,0.441223103057758,0.0864197530864197,0.0506476500566251
CHT,4058,0.622011036174126,6524,10.0453709380748,4,6484317.03561312,933,0.143010423053341,0.362967504598406,0.19935691318328,0.0463385193133047
AMU,1129,0.818709209572154,1379,29.9412617839014,15,19041146.9830747,17,0.0123277737490935,0.0862944162436548,0.0588235294117647,0.0788275018129079
KHA,1406,0.790776152980877,1778,27.7424071991001,14,17771242.7222216,48,0.0269966254218223,0.0911136107986502,0.0416666666666667,0.0724260053430821
PRM,1493,0.789112050739958,1892,25.7029598308668,12,15347249.8559725,101,0.0533826638477801,0.12262156448203,0.099009900990099,0.0747720665961945
CHM,1935,0.817836010143702,2366,23.9268808114962,11,14996318.1645773,75,0.0316990701606086,0.371090448013525,0.12,0.0778839549873204
CPP,7962,0.516409391620184,15418,4.07141004021274,1,2187635.3907848,10635,0.689778181346478,0.792450382669607,0.472872590503056,0.0262132734466208
OFS,1514,0.600079270709473,2523,13.0356718192628,5,6392434.48888625,26,0.0103051922314705,0.72294887039239,0.0769230769230769,0.0357182669441141
NAT,2978,0.610871794871795,4875,12.9470769230769,5,6494371.78782769,430,0.0882051282051282,0.707282051282051,0.267441860465116,0.0351939102564103
LES,988,0.632117722328855,1563,12.6404350607806,6,5818628.55302623,31,0.0198336532309661,0.671145233525272,0.161290322580645,0.0359584932821497
TVL,3053,0.5962890625,5120,13.3451171875,6,7157153.87896484,595,0.1162109375,0.723828125,0.33109243697479,0.0336334228515625
SWZ,1717,0.68026941362916,2524,17.2900158478605,8,9027459.26223059,35,0.0138668779714739,0.639064976228209,0.2,0.0414149167987322
NBR,975,0.942028985507246,1035,48.0193236714976,39,17348161.1165121,0,0,0.701449275362319,NA,0.104000603864734
NSC,952,0.934249263984298,1019,47.2531894013739,39,16919060.2703337,1,0.00098135426889107,0.759568204121688,0,0.100818817468106
PEI,625,0.961538461538462,650,54.5707692307692,43,20240484.9182308,0,0,0.729230769230769,NA,0.112836538461538
CNT,1493,0.929060360920971,1607,42.1972619788426,35,12218075.3841195,7,0.00435594275046671,0.784069695084007,0.142857142857143,0.0977121577473553
MAI,1404,0.919449901768173,1527,43.5946299934512,36,14649673.0683235,7,0.0045841519318926,0.563195808775377,0.142857142857143,0.0963746316306483
MAS,1572,0.909196067090804,1729,40.9386928860613,34,12099593.0172701,8,0.00462695199537305,0.681897050318103,0,0.0937138519375361
NWH,1326,0.937765205091938,1414,45.1902404526167,37,14765445.858529,2,0.00141442715700141,0.586280056577086,0,0.101601175742574
NWJ,1671,0.899354144241119,1858,38.8363832077503,32,10722682.2247363,5,0.00269106566200215,0.581270182992465,0,0.0898900026910657
NWY,1979,0.881514476614699,2245,37.5363028953229,31,11386982.4805345,18,0.00801781737193764,0.609354120267261,0.0555555555555556,0.0873886414253898
RHO,1172,0.939102564102564,1248,45.1266025641026,37,13030981.9819471,1,0.000801282051282051,0.653044871794872,0,0.102351262019231
VER,1395,0.917763157894737,1520,42.9756578947368,36,13851869.4627171,3,0.00197368421052632,0.632894736842105,0,0.0985145970394737
WVA,1552,0.930455635491607,1668,37.7919664268585,32,9936665.04008393,0,0,0.450239808153477,NA,0.0969396357913669
VRG,2187,0.885066774585188,2471,31.9757183326588,26,8221777.01455281,7,0.0028328611898017,0.650748684743019,0.285714285714286,0.0808250708215297
SRL,1802,0.561545652851356,3209,17.5905266438143,6,9318009.36502649,816,0.254284823932689,0.331567466500467,0.198529411764706,0.0407837332502337
ITA,4099,0.703690987124464,5825,21.342660944206,12,9122027.69763433,678,0.116394849785408,0.634849785407725,0.268436578171091,0.0538827789699571
YUG,3874,0.729979272658753,5307,22.3853401168268,14,9470409.38514226,396,0.0746184284906727,0.46184284906727,0.275252525252525,0.0566159671188996
JAM,1487,0.593849840255591,2504,20.055910543131,12,7705365.61930112,740,0.295527156549521,0.528753993610224,0.205405405405405,0.0412777056709265
WAU,4669,0.452685669963157,10314,3.79901105293775,1,4344587.68113923,7023,0.680919139034322,0.846519294163273,0.383027196354834,0.0191510022784565
MDG,3718,0.346021405304793,10745,5.25407166123779,1,2845460.17603816,9058,0.84299674267101,0.62038157282457,0.275115919629057,0.0175350453699395
BUL,2966,0.76899144412756,3857,26.6740990407052,19,11556818.0540964,186,0.0482240082966036,0.387606948405496,0.102150537634409,0.062100969017371
AND,1131,0.659090909090909,1716,20.5005827505828,13,9211184.22326923,140,0.0815850815850816,0.0268065268065268,0.0857142857142857,0.0481588723776224
CBD,2379,0.642972972972973,3700,15.2510810810811,9,7174441.11148919,158,0.0427027027027027,0.136486486486486,0.113924050632911,0.0457559121621622
SUL,1729,0.445733436452694,3879,12.3735498839907,4,5393596.29321217,1270,0.327403970095385,0.17272492910544,0.0889763779527559,0.0304866750451147
ALT,1875,0.739353312302839,2536,28.9302050473186,17,18813426.3948817,84,0.0331230283911672,0.275630914826498,0.107142857142857,0.0650168819006309
YAK,1185,0.774509803921569,1530,31.4326797385621,18,22125451.1379412,61,0.0398692810457516,0.106535947712418,0.0655737704918033,0.0699652777777778
ZAI,4044,0.443761659168221,9113,12.4236804564907,7,8348566.54203885,1278,0.140239218698562,0.540875672116756,0.0344287949921753,0.0241139032151871
TAN,4714,0.506663800515907,9304,12.6966895958727,6,8028194.37725709,1528,0.164230438521066,0.593615649183147,0.209424083769634,0.0270607735920034
MOZ,3137,0.607474825716499,5164,16.4302865995352,9,9695737.30720953,274,0.0530596436870643,0.530983733539892,0.142335766423358,0.0346600261425252
MLW,2588,0.573327425786442,4514,17.094816127603,10,10451194.9989654,155,0.0343376163048294,0.265396544085069,0.148387096774194,0.0323022817899867
ZAM,3032,0.50332005312085,6024,15.1304780876494,8,9648445.13820551,348,0.0577689243027888,0.328851261620186,0.103448275862069,0.0271038242861886
KEN,3620,0.594319487768839,6091,15.8609423739944,8,9775331.51168938,440,0.0722377277951075,0.362830405516336,0.227272727272727,0.0338152602199967
ZIM,3017,0.602797202797203,5005,16.9762237762238,9,10089403.0221039,212,0.0423576423576424,0.302497502497503,0.0754716981132075,0.0339597902097902
BOT,1592,0.655953852492789,2427,20.8413679439637,10,12163353.5758508,17,0.00700453234445818,0.647301194890812,0,0.0406237124021426
BEN,1497,0.657444005270092,2277,27.2564778216952,20,14993883.1081247,12,0.00527009222661397,0.822134387351779,0,0.0407951800614844
BKN,1123,0.633747178329571,1772,30.132618510158,23,17377565.9157393,1,0.000564334085778781,0.713882618510158,0,0.0410773490406321
GHA,1953,0.65295887662989,2991,23.0919424941491,16,12434490.3950752,26,0.00869274490137078,0.723503844867937,0.230769230769231,0.0375475384486794
GUI,1735,0.613290915517851,2829,22.0438317426653,16,11715593.9993567,99,0.0349946977730647,0.453517143867091,0.101010101010101,0.0356768071756805
IVO,2206,0.611588577765456,3607,20.230662600499,14,10761388.3500554,45,0.0124757416135292,0.460493484890491,0.0888888888888889,0.0343147872192958
LBR,1605,0.630153121319199,2547,18.6902237926973,12,9184096.25177856,71,0.027875932469572,0.250490773458971,0.169014084507042,0.0354338437377307
MLI,1160,0.637362637362637,1820,29.4593406593407,22,17676038.165533,14,0.00769230769230769,0.53021978021978,0.0714285714285714,0.0404876373626374
MTN,761,0.761,1000,35.388,26,21648368.00612,3,0.003,0.116,0,0.056125
NGR,780,0.736543909348442,1059,35.6600566572238,27,22032047.4803683,3,0.0028328611898017,0.251180358829084,0,0.05219399197356
NGA,2744,0.598995852433966,4581,19.5946299934512,14,11314847.128341,72,0.0157170923379175,0.266099104998909,0.0694444444444444,0.0343862557301899
SEN,1333,0.646146388754241,2063,30.1633543383422,23,16934949.2056423,20,0.00969461948618517,0.442074648570044,0.05,0.0424594037809016
TOG,1305,0.66412213740458,1965,28.1862595419847,21,15243058.6725445,17,0.00865139949109415,0.59236641221374,0.0588235294117647,0.0413088422391858
BUR,1613,0.615648854961832,2620,22.131679389313,15,13215897.6911832,37,0.0141221374045802,0.362595419847328,0.135135135135135,0.0363489980916031
CMN,3432,0.507842556969518,6758,14.0344776561113,8,8186369.13192957,773,0.114382953536549,0.571470849363717,0.148771021992238,0.0275368082272862
CAF,2087,0.584593837535014,3570,20.0736694677871,14,11858538.6697535,90,0.0252100840336134,0.373389355742297,0.0333333333333333,0.0335127801120448
CON,2241,0.568348972863302,3943,16.5242201369516,9,9366061.41539944,45,0.0114126299771747,0.249048947501902,0.0444444444444444,0.0315967378899315
GAB,2480,0.513989637305699,4825,13.179481865285,6,7205480.16844145,478,0.0990673575129534,0.481658031088083,0.163179916317992,0.027297603626943
GGI,1107,0.656583629893238,1686,22.0255041518387,14,11159183.9956524,157,0.0931198102016607,0.35349940688019,0.235668789808917,0.0404062870699881
DJI,585,0.76171875,768,28.03125,20,17339931.3872526,11,0.0143229166666667,0.01953125,0.0909090909090909,0.0542805989583333
SOC,488,0.645502645502645,756,24.3796296296296,9,13711212.2453042,294,0.388888888888889,0.42989417989418,0.36734693877551,0.0420800264550265
UGA,2825,0.633408071748879,4460,19.9497757847534,14,12276504.9110919,61,0.013677130044843,0.341704035874439,0.114754098360656,0.0369622337443946
ANG,2788,0.46559786239145,5988,14.6163994655979,8,9302981.7168821,1151,0.192217768871075,0.503340013360053,0.0495221546481321,0.0273463593854375
EQG,798,0.614791987673344,1298,17.1171032357473,9.5,8496182.54905239,32,0.024653312788906,0.443759630200308,0.0625,0.0350178158705701
NAM,2093,0.559326563335115,3742,12.8134687332977,4,7716601.46230893,664,0.177445216461785,0.668091929449492,0.287650602409639,0.0333607529396045
RUE,1859,0.751111111111111,2475,33.4844444444444,26,18897982.0805374,94,0.037979797979798,0.144646464646465,0.0425531914893617,0.069520202020202
UZB,2064,0.563780387872166,3661,16.5203496312483,6,9879911.13239006,307,0.0838568697077301,0.0658290084676318,0.123778501628664,0.0399929151871073
BAH,793,0.763969171483622,1038,26.5934489402697,17,8825487.66644509,59,0.0568400770712909,0.460500963391137,0.152542372881356,0.0618075626204239
CAY,442,0.826168224299065,535,35.2392523364486,27,12373158.8965234,21,0.0392523364485981,0.214953271028037,0.142857142857143,0.0718311915887851
LEE,1273,0.719615602035048,1769,25.0429621254946,19,9883687.76780102,62,0.035048049745619,0.420011305822499,0.145161290322581,0.0532477741661956
NLA,373,0.783613445378151,476,34.8487394957983,26,13209515.9380252,9,0.0189075630252101,0.216386554621849,0.111111111111111,0.0691964285714286
TRT,1636,0.706695464362851,2315,22.8077753779698,17,11231403.194933,74,0.0319654427645788,0.293304535637149,0.175675675675676,0.0503374730021598
TCI,317,0.796482412060301,398,31.1633165829146,20,10089439.259799,7,0.0175879396984925,0.150753768844221,0,0.0704302763819095
WIN,1227,0.705172413793103,1740,24.7034482758621,19,10222221.3494943,109,0.0626436781609195,0.49367816091954,0.155963302752294,0.051715158045977
TZK,2405,0.557099837850359,4317,15.498957609451,5,9246476.48921937,582,0.134815844336345,0.152883947185546,0.130584192439863,0.0384689164929349
NWC,1199,0.398868928809049,3006,5.47804391217565,1,1829917.74284764,2424,0.806387225548902,0.652029274783766,0.328382838283828,0.0219300981370592
TKM,1815,0.682844243792325,2658,19.5037622272385,8,11148381.2154703,178,0.0669676448457487,0.122648607975922,0.123595505617978,0.0490647338224229
CHI,1707,0.786273606632888,2171,23.1593735605712,11,15860019.4153708,72,0.0331644403500691,0.307231690465223,0.125,0.0707335329341317
CNY,1251,0.796308084022915,1571,21.5480585614258,5,9494266.52298536,667,0.424570337364736,0.710375556970083,0.650674662668666,0.0580342934436665
AFG,2713,0.606663685152057,4472,16.0337656529517,6,9529651.5170975,868,0.194096601073345,0.453488372093023,0.202764976958525,0.0416882127683363
AZO,455,0.951882845188284,478,43.2761506276151,35.5,18121975.7340795,58,0.121338912133891,0.412133891213389,0.931034482758621,0.0957439853556485
IRK,1291,0.786715417428397,1641,32.7921998781231,19,21847484.2007495,27,0.0164533820840951,0.199878123095673,0.111111111111111,0.0739354814137721
CYP,1328,0.823310601363918,1613,28.2777433353999,22,12292214.7814135,117,0.0725356478611283,0.367637941723497,0.41025641025641,0.0664861670799752
KRA,1570,0.758454106280193,2070,30.9333333333333,19,21232302.8242657,87,0.0420289855072464,0.429468599033816,0.0344827586206897,0.0689953200483092
BLZ,2403,0.716457960644007,3354,19.7838401908169,14,7940800.66289505,65,0.0193798449612403,0.717352415026834,0.138461538461538,0.0457872130292188
FRG,2856,0.606755895474825,4707,13.3624389207563,8,8931078.32240281,296,0.0628850647971107,0.693647758657319,0.138513513513514,0.0374591698534098
SUR,2657,0.627835538752363,4232,14.6271266540643,9,9650876.66596645,116,0.0274102079395085,0.728260869565217,0.0431034482758621,0.038828051157845
URU,1520,0.619144602851324,2455,13.1633401221996,6,7328395.11548269,142,0.0578411405295316,0.421588594704684,0.0774647887323944,0.037197683299389
NDA,1026,0.942148760330578,1089,43.198347107438,36,15756887.6018365,1,0.000918273645546373,0.566574839302112,0,0.100084653351699
KAZ,3225,0.61487130600572,5245,18.1189704480458,7,12413245.1340419,526,0.100285986653956,0.117254528122021,0.142585551330798,0.0450682197330791
CHX,2270,0.667647058823529,3400,19.2385294117647,8,13543222.6205118,329,0.0967647058823529,0.273529411764706,0.130699088145897,0.0522863051470588
RWA,1528,0.647732089868588,2359,22.2861381941501,15,13249794.7389699,47,0.01992369648156,0.244595167443832,0.0851063829787234,0.0398705754557016
CHQ,1546,0.716736207695874,2157,16.2526657394529,6,11299923.5177283,158,0.0732498840982847,0.509503940658322,0.170886075949367,0.060660060268892
CAB,531,0.570967741935484,930,11.752688172043,8,6360084.88576344,44,0.0473118279569892,0.0774193548387097,0.0454545454545455,0.0278309811827957
COM,567,0.63,900,22.2566666666667,5,10510632.0619,192,0.213333333333333,0.358888888888889,0.265625,0.0439149305555556
FIJ,531,0.381465517241379,1392,10.4396551724138,1,3340674.51190374,758,0.544540229885057,0.247844827586207,0.216358839050132,0.0240436422413793
MOR,3035,0.730621088107848,4154,19.3738565238325,8,9391150.1709557,687,0.165382763601348,0.695233509870005,0.406113537117904,0.0523666947520462
VAN,421,0.492974238875878,854,13.7142857142857,5,4466516.77189696,185,0.216627634660422,0.225995316159251,0.135135135135135,0.0352751756440281
GAM,601,0.759797724399494,791,38.3185840707965,29,20344046.0542604,1,0.00126422250316056,0.0859671302149178,0,0.0573739728192162
GNB,949,0.671145685997171,1414,30.961810466761,23,16290139.8151202,5,0.00353606789250354,0.397454031117397,0,0.0453058698727016
SIE,1587,0.629761904761905,2520,21.818253968254,15,11180121.9565238,43,0.0170634920634921,0.156349206349206,0.116279069767442,0.0373325892857143
CHA,1404,0.665087636191378,2111,29.5731880625296,22,18427666.1750592,35,0.0165798199905258,0.0791094268119375,0.0857142857142857,0.045294735907153
CPV,450,0.75,600,26.2316666666667,15,15254788.3900333,0,0,0.525,NA,0.0548958333333333
SIC,2018,0.817666126418152,2468,28.6628849270665,21,11960620.1698136,210,0.0850891410048622,0.576175040518639,0.323809523809524,0.0686062854538088
BRY,1358,0.778669724770642,1744,30.4994266055046,17,20567125.6310321,27,0.0154816513761468,0.265481651376147,0.0740740740740741,0.0697525444380734
CTA,1179,0.795546558704453,1482,30.8643724696356,17,20805650.9981444,14,0.00944669365721997,0.107287449392713,0,0.0732856781376518
BAL,1240,0.868347338935574,1428,31.4712885154062,24,13252772.4128291,123,0.0861344537815126,0.759103641456583,0.634146341463415,0.0723805147058824
COR,1791,0.852857142857143,2100,33.2195238095238,26,13743663.5176667,89,0.0423809523809524,0.552857142857143,0.269662921348315,0.075375744047619
SAR,1662,0.827689243027888,2008,30.417828685259,23,12635434.3641484,144,0.0717131474103586,0.615537848605578,0.236111111111111,0.0708377427788845
TUN,1908,0.807106598984772,2364,25.7580372250423,18,12251098.9134856,54,0.0228426395939086,0.428934010152284,0.111111111111111,0.0630882508460237
KRI,1528,0.803364879074658,1902,26.4915878023134,19,10997111.4794006,201,0.105678233438486,0.580967402733964,0.482587064676617,0.0623973120399579
ALB,2799,0.828596802841918,3378,27.3875074008289,20,11389692.3012966,62,0.0183540556542333,0.222616933096507,0.258064516129032,0.0679049178507993
ROM,2608,0.751585014409222,3470,29.0835734870317,21,13037657.4126109,193,0.0556195965417867,0.403746397694524,0.103626943005181,0.0640850144092219
TUE,1855,0.851698806244261,2178,32.9100091827365,27,13955806.7228512,17,0.00780532598714417,0.0899908172635445,0.235294117647059,0.0756033344811754
RUC,1530,0.763092269326683,2005,37.9925187032419,31,19274389.5245037,42,0.0209476309226933,0.571072319201995,0,0.0752532730673317
KRY,1707,0.776615104640582,2198,32.5009099181074,26,14898753.1766924,94,0.0427661510464058,0.587352138307552,0.148936170212766,0.0700352593266606
RUS,1716,0.802244039270687,2139,35.3730715287518,28,18436068.9096587,28,0.0130902290790089,0.294062646096307,0.0714285714285714,0.0745200736325386
UKR,2416,0.755,3200,30.1271875,23,14278245.9656781,120,0.0375,0.244375,0.125,0.0650244140625
LBY,1440,0.794263651406509,1813,26.5438499724214,20,13769483.4962714,91,0.0501930501930502,0.138996138996139,0.0769230769230769,0.0637927468284611
PAL,2081,0.758105646630237,2745,23.4349726775956,15,11525675.6534791,120,0.0437158469945355,0.729326047358834,0.241666666666667,0.056153233151184
OMA,943,0.730441518202943,1291,27.0836560805577,17,16054480.3786677,82,0.0635166537567777,0.515104570100697,0.329268292682927,0.054076297443842
WSA,317,0.814910025706941,389,26.9254498714653,20,16234871.2448843,3,0.0077120822622108,0.0539845758354756,0.333333333333333,0.0604313946015424
FLA,2511,0.841770030170969,2983,24.3312101910828,17,6811867.10141804,229,0.0767683540060342,0.711699631243714,0.602620087336245,0.0672508799865907
NFL,825,0.902625820568928,914,44.3916849015317,36,19456204.1866521,9,0.00984682713347921,0.62800875273523,0.444444444444444,0.0882709928884026
KTY,1814,0.904287138584247,2006,33.4431704885344,28,8366510.59055832,3,0.00149551345962114,0.405284147557328,0,0.088835057328016
LOU,1942,0.866190900981267,2242,29.0160570918822,22,7763201.61165477,6,0.00267618198037467,0.705619982158787,0,0.0742570807314897
MRY,1741,0.911995809324254,1909,36.7867993713986,30,9599191.60946045,0,0,0.63331587218439,NA,0.0892196503404924
MSI,1939,0.880563124432334,2202,28.8964577656676,22,7269036.83864214,0,0,0.659854677565849,NA,0.0763474965940054
INI,1742,0.914435695538058,1905,38.4278215223097,32,10723199.7330079,6,0.0031496062992126,0.606824146981627,0,0.0920931758530184
OHI,1726,0.920042643923241,1876,39.2638592750533,32,11064698.6297015,3,0.00159914712153518,0.602345415778252,0,0.0942497334754797
DEL,1320,0.916030534351145,1441,39.3414295628036,33,10074332.1486329,0,0,0.31089521165857,NA,0.0928988115891742
WDC,942,0.92807881773399,1015,42.1635467980296,35,10658004.7344532,0,0,0.761576354679803,NA,0.100869766009852
NFK,205,0.762081784386617,269,20.1040892193309,4,8390869.26509294,96,0.356877323420074,0.732342007434944,0.572916666666667,0.0558492100371747
OGA,232,0.852941176470588,272,32.4485294117647,12.5,13213284.7254412,67,0.246323529411765,0.294117647058824,0.686567164179104,0.0717486213235294
FIN,1074,0.470639789658195,2282,27.4973707274321,13,13599981.9105828,418,0.183172655565294,0.491673970201578,0,0.0500760024101665
SWC,237,0.901140684410646,263,35.9961977186312,29,12959169.3828897,1,0.00380228136882129,0.574144486692015,0,0.0877792300380228
RUW,1151,0.774562584118439,1486,43.7382234185733,37,21299832.5269448,15,0.0100942126514132,0.331090174966353,0,0.0839134000672948
MON,2009,0.695155709342561,2890,21.39723183391,11,15555401.5690969,135,0.0467128027681661,0.26643598615917,0.0592592592592593,0.0563824610726644
BLT,1237,0.735871505056514,1681,40.6103509815586,34,18937123.2968471,51,0.0303390838786437,0.567519333729923,0.0196078431372549,0.0772605591909578
CPI,116,0.783783783783784,148,41.2027027027027,28,17070339.7021622,19,0.128378378378378,0.554054054054054,0.578947368421053,0.0730046452702703
EGY,1309,0.80952380952381,1617,30.6011131725417,22,16936557.4075696,25,0.015460729746444,0.255411255411255,0,0.0612003324056895
SIN,989,0.793103448275862,1247,25.9133921411387,18,14099327.3093023,23,0.0184442662389735,0.289494787489976,0.173913043478261,0.056924117882919
KUW,330,0.914127423822715,361,31.5512465373961,23,18329305.8160111,1,0.00277008310249307,0.376731301939058,1,0.0723684210526316
WSB,1710,0.780821917808219,2190,33.3502283105023,24,21530594.763484,36,0.0164383561643836,0.182191780821918,0,0.07228524543379
RUN,1242,0.679431072210066,1828,34.7554704595186,28,19669687.9780635,177,0.0968271334792122,0.339168490153173,0,0.0693508957877462
MDR,657,0.897540983606557,732,35.3948087431694,29,14984474.8489071,119,0.162568306010929,0.631147540983607,0.689075630252101,0.081390881147541
SEL,80,0.888888888888889,90,32.9333333333333,26.5,14012269.4738889,3,0.0333333333333333,0.0111111111111111,0.666666666666667,0.0894965277777778
CVI,411,0.845679012345679,486,44.5617283950617,36,23336882.4372428,71,0.146090534979424,0.209876543209877,0.647887323943662,0.0671457047325103
NNS,1133,0.80297661233168,1411,23.2997873848335,11,10807530.2492417,132,0.0935506732813607,0.351523742026931,0.439393939393939,0.0730366318214033
HAW,685,0.655502392344498,1045,7.15311004784689,1,2361090.30380861,920,0.880382775119617,0.511004784688995,0.631521739130435,0.0372233851674641
KAM,873,0.815126050420168,1071,33.6349206349206,19,20715033.4952848,39,0.0364145658263305,0.450046685340803,0.0256410256410256,0.0731282096171802
MAG,936,0.773553719008264,1210,27.6760330578512,15,19275445.5952645,88,0.0727272727272727,0.516528925619835,0.136363636363636,0.0636557334710744
TVA,1230,0.743651753325272,1654,29.0918984280532,16,20072170.6544256,20,0.0120918984280532,0.0278113663845224,0.05,0.0653954428657799
CRL,440,0.52132701421801,844,20.7037914691943,9,7917455.75866114,265,0.313981042654028,0.293838862559242,0.143396226415094,0.0404232079383886
MAU,531,0.682519280205656,778,24.0411311053985,3,10776161.5545501,246,0.316195372750643,0.17866323907455,0.532520325203252,0.0475176735218509
SCS,187,0.935,200,58.43,50,25111364.9268,0,0,0,NA,0.0883984375
SCZ,121,0.578947368421053,209,14.6842105263158,7,4145432.84296651,9,0.0430622009569378,0.0909090909090909,0,0.0495663875598086
BLR,1264,0.879610299234516,1437,46.4871259568546,39,22088601.8475017,11,0.00765483646485734,0.262352122477383,0,0.0925648051496173
NZS,1156,0.669756662804171,1726,4.14774044032445,2,1476671.18082851,772,0.447276940903824,0.830822711471611,0.524611398963731,0.028516077636153
TAS,1071,0.626315789473684,1710,6.35029239766082,4,3511858.91631579,455,0.266081871345029,0.791228070175439,0.479120879120879,0.0331277412280702
ATP,124,0.815789473684211,152,7.42763157894737,3,2323923.70032895,32,0.210526315789474,0.697368421052632,0.6875,0.0389083059210526
MAQ,37,0.902439024390244,41,11.5365853658537,5,3567728.36609756,3,0.0731707317073171,0.902439024390244,0.666666666666667,0.0354420731707317
MRN,268,0.685421994884911,391,34.8874680306905,26,13351947.8707928,59,0.150895140664962,0.242966751918159,0.11864406779661,0.0630394820971867
NUN,557,0.942470389170897,591,40.1489001692047,29,24545033.3270558,0,0,0.614213197969543,NA,0.0832672377326565
GNL,427,0.895178197064989,477,40.4067085953878,29,25341340.7021593,17,0.0356394129979036,0.733752620545073,0.176470588235294,0.0760449423480084
LAB,627,0.938622754491018,668,44.5958083832335,35,23016979.7037575,1,0.00149700598802395,0.70059880239521,0,0.0854112088323353
KER,68,0.860759493670886,79,17.7341772151899,5,6657275.72607595,13,0.164556962025316,0.582278481012658,0.846153846153846,0.0480617088607595
SEY,235,0.758064516129032,310,39.258064516129,31,16752600.1950968,63,0.203225806451613,0.112903225806452,0.46031746031746,0.0700352822580645
REU,460,0.62415196743555,737,21.0746268656716,2,9356054.86800543,232,0.314789687924016,0.223880597014925,0.435344827586207,0.042709040027137
ROD,129,0.767857142857143,168,46.0535714285714,29,19380992.5151786,33,0.196428571428571,0.0416666666666667,0.454545454545455,0.076078869047619
MCI,57,0.826086956521739,69,55.8115942028985,48,22623710.604058,0,0,0,NA,0.0749547101449275
GST,615,0.856545961002785,718,33.2841225626741,23,19376419.8365877,0,0,0.203342618384401,NA,0.0667544394150418
LDV,161,0.899441340782123,179,51.6312849162011,44,22869258.6792737,0,0,0.0111731843575419,NA,0.0865485335195531
XMS,140,0.756756756756757,185,40.4702702702703,27,16002349.89,16,0.0864864864864865,0.372972972972973,0.3125,0.0761824324324324
ICE,401,0.540431266846361,742,32.1684636118598,18,16690842.0802022,261,0.351752021563342,0.669811320754717,0,0.0548875505390836
SVA,160,0.842105263157895,190,34.0315789473684,26,23867599.0888947,11,0.0578947368421053,0.778947368421053,0,0.0786184210526316
WAK,17,0.772727272727273,22,57.4545454545455,60,17792581.7640909,1,0.0454545454545455,0,0,0.0880681818181818
ALD,147,0.742424242424242,198,38.4141414141414,25.5,15764051.4764141,19,0.095959595959596,0.0505050505050505,0.157894736842105,0.0644333964646465
CGS,41,0.891304347826087,46,65.3695652173913,59,22506608.8015217,0,0,0,NA,0.0857676630434783
MDV,149,0.943037974683544,158,50.4430379746835,44,21412795.460443,0,0,0.0126582278481013,NA,0.102353639240506
CKI,67,0.893333333333333,75,69.2266666666667,57,25334562.2884,0,0,0.386666666666667,NA,0.103958333333333
GIL,77,0.846153846153846,91,57.1428571428571,49,18802125.5767033,1,0.010989010989011,0,0,0.0852506868131868
NRU,47,0.87037037037037,54,56.8888888888889,54,16705202.837037,0,0,0.0555555555555556,NA,0.0849247685185185
NUE,120,0.634920634920635,189,27.989417989418,15,7916911.0321164,2,0.0105820105820106,0.227513227513228,0,0.0523313492063492
PHX,22,0.758620689655172,29,58.6206896551724,55,17981440.2648276,0,0,0,NA,0.0592672413793103
SAM,304,0.430594900849858,706,16.8172804532578,4.5,5334306.32005666,236,0.334277620396601,0.242209631728045,0.156779661016949,0.0309844192634561
TOK,41,0.773584905660377,53,60.8301886792453,55,18891366.6201887,2,0.0377358490566038,0.0943396226415094,0,0.0835790094339623
TON,264,0.611111111111111,432,25.1990740740741,10,8267339.13155093,26,0.0601851851851852,0.210648148148148,0.269230769230769,0.0454644097222222
TUV,40,0.869565217391304,46,51.1739130434783,49,13735146.6082609,0,0,0.0652173913043478,NA,0.0927309782608696
WAL,171,0.66023166023166,259,32.2277992277992,17,10351531.2948649,4,0.0154440154440154,0.0193050193050193,0.25,0.0556829150579151
COO,133,0.624413145539906,213,30.3568075117371,14,9096884.79112676,20,0.0938967136150235,0.225352112676056,0.25,0.0490757042253521
LIN,32,0.711111111111111,45,52.2444444444444,43,16224487.0404444,2,0.0444444444444444,0.222222222222222,0,0.0770833333333333
PIT,62,0.681318681318681,91,33.7032967032967,18,9422824.65164835,13,0.142857142857143,0.527472527472527,0.384615384615385,0.0542582417582418
SCI,201,0.483173076923077,416,20.3725961538462,3,6530375.77536058,172,0.413461538461538,0.466346153846154,0.203488372093023,0.03564453125
TUA,91,0.705426356589147,129,36.6899224806202,22,10626916.2829457,11,0.0852713178294574,0.310077519379845,0.363636363636364,0.0582000968992248
TUB,150,0.572519083969466,262,27.0572519083969,10,8580359.10580153,71,0.270992366412214,0.198473282442748,0.225352112676056,0.0415970896946565
MCS,7,0.7,10,69.7,63,21135613.102,0,0,0,NA,0.05546875
MRS,99,0.876106194690266,113,52.9911504424779,45,17335597.3093805,0,0,0,NA,0.0896017699115044
DSV,17,0.607142857142857,28,18,2,6376010.1825,13,0.464285714285714,0,0.230769230769231,0.0354352678571429
CTM,207,0.844897959183673,245,9.21224489795918,4,3691564.76465306,41,0.16734693877551,0.604081632653061,0.804878048780488,0.0448022959183673
JNF,118,0.631016042780749,187,9.12834224598931,1,3706089.9342246,96,0.513368983957219,0.310160427807487,0.46875,0.0386864973262032
EAS,21,0.75,28,45.6428571428571,34.5,16975695.0225,2,0.0714285714285714,0.214285714285714,0.5,0.0502232142857143
MRQ,129,0.533057851239669,242,22.2355371900826,1,7331718.79570248,126,0.520661157024793,0.557851239669422,0.373015873015873,0.0366735537190083
FAL,120,0.740740740740741,162,12.9382716049383,4,5944768.62814815,15,0.0925925925925926,0.567901234567901,0.333333333333333,0.0394483024691358
FOR,285,0.855855855855856,333,51.8228228228228,43,24943571.6343544,10,0.03003003003003,0.339339339339339,0,0.0937030780780781
KZN,119,0.875,136,45.7720588235294,30,18481524.4861765,6,0.0441176470588235,0.132352941176471,0.333333333333333,0.0742761948529412
STH,29,0.568627450980392,51,23.1764705882353,1,10641007.6629412,31,0.607843137254902,0.117647058823529,0.451612903225806,0.0499387254901961
BER,166,0.922222222222222,180,51.0111111111111,36,16957969.3702222,9,0.05,0.0555555555555556,0.444444444444444,0.08828125
TDC,30,0.526315789473684,57,13.1052631578947,1,5055504.58631579,32,0.56140350877193,0.649122807017544,0.21875,0.0353618421052632
HMD,11,1,11,16,5,6053081.04909091,0,0,0.909090909090909,NA,0.0475852272727273
KEG,24,1,24,12.4166666666667,6.5,3884969.01791667,1,0.0416666666666667,0.875,1,0.0406901041666667
MPE,16,1,16,27.25,8.5,9184505.425,1,0.0625,0.875,1,0.0517578125
ASP,14,0.777777777777778,18,5.61111111111111,3,1223517.845,7,0.388888888888889,0.833333333333333,0.428571428571429,0.0425347222222222
SSA,2,1,2,30.5,30.5,14530246.36,0,0,0.5,NA,0.06640625
ASC,13,0.684210526315789,19,60.7368421052632,42,28143575.7047368,4,0.210526315789474,0,0,0.0900493421052632
HBI,9,0.818181818181818,11,50.7272727272727,35,16189274.5527273,0,0,0,NA,0.0546875
CRZ,15,1,15,17.6666666666667,11,5906237.99733333,0,0,0.933333333333333,NA,0.0447916666666667
SGE,15,1,15,23.8,11,12626050.222,0,0,1,NA,0.0567708333333333
ANT,2,0.666666666666667,3,9.66666666666667,11,15535432.8333333,0,0,0.666666666666667,NA,0.0520833333333333
